{
  "project_info": {
    "project_number": "114309110624",
    "firebase_url": "https://india-igp-default-rtdb.firebaseio.com",
    "project_id": "india-igp",
    "storage_bucket": "india-igp.firebasestorage.app"
  },
  "client": [
    {
      "client_info": {
        "mobilesdk_app_id": "1:114309110624:android:1763a52d184551b50d5c05",
        "android_client_info": {
          "package_name": "com.example.igp"
        }
      },
      "oauth_client": [],
      "api_key": [
        {
          "current_key": "AIzaSyD1HiIOlLA8xbrj0NLVhPQHDEOXlIqyiSg"
        }
      ],
      "services": {
        "appinvite_service": {
          "other_platform_oauth_client": []
        }
      }
    }
  ],
  "configuration_version": "1"
}